# username,password
usuario001,senha123
usuario002,senha123
usuario003,senha123
usuario004,senha123
usuario005,senha123
usuario006,senha123
usuario007,senha123
usuario008,senha123
usuario009,senha123
usuario010,senha123
usuario011,senha123
usuario012,senha123
usuario013,senha123
usuario014,senha123
usuario015,senha123
usuario016,senha123
usuario017,senha123
usuario018,senha123
usuario019,senha123
usuario020,senha123
usuario021,senha123
usuario022,senha123
usuario023,senha123
usuario024,senha123
usuario025,senha123
usuario026,senha123
usuario027,senha123
usuario028,senha123
usuario029,senha123
usuario030,senha123
usuario031,senha123
usuario032,senha123
usuario033,senha123
usuario034,senha123
usuario035,senha123
usuario036,senha123
usuario037,senha123
usuario038,senha123
usuario039,senha123
usuario040,senha123
usuario041,senha123
usuario042,senha123
usuario043,senha123
usuario044,senha123
usuario045,senha123
usuario046,senha123
usuario047,senha123
usuario048,senha123
usuario049,senha123
usuario050,senha123
usuario051,senha123
usuario052,senha123
usuario053,senha123
usuario054,senha123
usuario055,senha123
usuario056,senha123
usuario057,senha123
usuario058,senha123
usuario059,senha123
usuario060,senha123
usuario061,senha123
usuario062,senha123
usuario063,senha123
usuario064,senha123
usuario065,senha123
usuario066,senha123
usuario067,senha123
usuario068,senha123
usuario069,senha123
usuario070,senha123
usuario071,senha123
usuario072,senha123
usuario073,senha123
usuario074,senha123
usuario075,senha123
usuario076,senha123
usuario077,senha123
usuario078,senha123
usuario079,senha123
usuario080,senha123
usuario081,senha123
usuario082,senha123
usuario083,senha123
usuario084,senha123
usuario085,senha123
usuario086,senha123
usuario087,senha123
usuario088,senha123
usuario089,senha123
usuario090,senha123
usuario091,senha123
usuario092,senha123
usuario093,senha123
usuario094,senha123
usuario095,senha123
usuario096,senha123
usuario097,senha123
usuario098,senha123
usuario099,senha123
usuario100,senha123
tecnico001,senha123
tecnico002,senha123
tecnico003,senha123
tecnico004,senha123
tecnico005,senha123
tecnico006,senha123
tecnico007,senha123
tecnico008,senha123
tecnico009,senha123
tecnico010,senha123
tecnico011,senha123
tecnico012,senha123
tecnico013,senha123
tecnico014,senha123
tecnico015,senha123
tecnico016,senha123
tecnico017,senha123
tecnico018,senha123
tecnico019,senha123
tecnico020,senha123
admin001,senha123
admin002,senha123
admin003,senha123
admin004,senha123
admin005,senha123
